"filename","xmin","ymin","xmax","ymax","class"
"IMG-20190311-WA0038.jpg",445.91874180865005,270.37762237762234,542.5478374836173,391.21678321678314,"nagendra"
"IMG-20190311-WA0038.jpg",581.8034076015728,282.46153846153845,654.2752293577981,392.72727272727275,"chandravesh"